<?xml version="1.0" encoding="UTF-8"?>
<beans xmlns="http://www.springframework.org/schema/beans"
    xmlns:xsi="http://www.w3.org/2001/XMLSchema-instance"
    xmlns:tx="http://www.springframework.org/schema/tx"
	xmlns:context="http://www.springframework.org/schema/context"
	xmlns:jpa="http://www.springframework.org/schema/data/jpa"
    xsi:schemaLocation="http://www.springframework.org/schema/beans
    	https://www.springframework.org/schema/beans/spring-beans.xsd
    	http://www.springframework.org/schema/tx
		https://www.springframework.org/schema/tx/spring-tx.xsd
		http://www.springframework.org/schema/context
		https://www.springframework.org/schema/context/spring-context.xsd
		http://www.springframework.org/schema/data/jpa
		http://www.springframework.org/schema/data/jpa/spring-jpa.xsd">

    <!-- Contexto Raíz: Define recursos compartidos a todos los componentes Web -->
    
    <bean id="ds" class="org.springframework.jdbc.datasource.DriverManagerDataSource">
	  <property name="driverClassName" value="com.mysql.cj.jdbc.Driver"></property>
	  <property name="url" value="jdbc:mysql://localhost:3306/prevencion_riesgos"></property>
	  <property name="username" value="adminp"></property>
	  <property name="password" value="12345"></property> 
	 </bean>
	 
	 <bean id="entityManagerFactory" class="org.springframework.orm.jpa.LocalContainerEntityManagerFactoryBean">
		<property name="dataSource" ref="ds"></property>
		<property name="packagesToScan" value="cl.grupo2.GrupalJpa.model.entity"></property>
		<property name="jpaVendorAdapter">
		<bean class="org.springframework.orm.jpa.vendor.HibernateJpaVendorAdapter"></bean>
	</property>
	<property name="jpaProperties">
	<props>
		<prop key="hibernate.dialect">org.hibernate.dialect.MySQLDialect</prop>
		<prop key="hibernate.show_sql">true</prop>
		<prop key="use_sql_comments">true</prop>
		</props>
	</property>
	</bean>
	
	<bean id="transactionManager"
		class="org.springframework.orm.jpa.JpaTransactionManager">
		<property name="entityManagerFactory"
			ref="entityManagerFactory"></property>
	</bean>
	
	<context:component-scan base-package="cl.grupo2.GrupalJpa.model"></context:component-scan>
	<tx:annotation-driven transaction-manager="transactionManager"/>
	<jpa:repositories base-package="cl.grupo2.GrupalJpa.model.repository"></jpa:repositories>

</beans>
